,NU_ANO,CO_CURSO,NU_ITEM_OFG,NU_ITEM_OFG_Z,NU_ITEM_OFG_X,NU_ITEM_OFG_N,NU_ITEM_OCE,NU_ITEM_OCE_Z,NU_ITEM_OCE_X,NU_ITEM_OCE_N,DS_VT_GAB_OFG_FIN,DS_VT_GAB_OCE_FIN,DS_VT_ESC_OFG,DS_VT_ACE_OFG,DS_VT_ESC_OCE,DS_VT_ACE_OCE,TP_PRES,TP_PR_GER,TP_PR_OB_FG,TP_PR_DI_FG,TP_PR_OB_CE,TP_PR_DI_CE,TP_SFG_D1,TP_SFG_D2,TP_SCE_D1,TP_SCE_D2,TP_SCE_D3,NT_GER,NT_FG,NT_OBJ_FG,NT_DIS_FG,NT_FG_D1,NT_FG_D1_PT,NT_FG_D1_CT,NT_FG_D2,NT_FG_D2_PT,NT_FG_D2_CT,NT_CE,NT_OBJ_CE,NT_DIS_CE,NT_CE_D1,NT_CE_D2,NT_CE_D3,CO_RS_I1,CO_RS_I2,CO_RS_I3,CO_RS_I4,CO_RS_I5,CO_RS_I6,CO_RS_I7,CO_RS_I8,CO_RS_I9
9759,2021,49071,8,0,0,0,27,1,5,0,"""ECBBAACD""","""XECBDCDAXXABXEBBEEXADEACZDD""","""BDEACAAC""","""00000100""","""BDACADDBDBBDCBBACDEABEDEDCA""","""900000109900901000910100800""",555,555,555,555,555,555,555,555,555,555,555,14.5,9.5,12.5,5,5,25,0,5,25,0,16.2,19,0,0,0,0,"""D""","""C""","""B""","""B""","""B""","""C""","""A""","""B""","""B"""
22863,2021,64664,8,0,0,0,27,1,5,0,"""ECBBAACD""","""XECBDCDAXXABXEBBEEXADEACZDD""","""CAAACDCB""","""00000010""","""DDECEEEBEEBCBCCBEABABCADCCB""","""900000009900900110910010800""",555,555,555,555,555,555,555,555,555,555,555,18.1,15.7,12.5,20.5,11,55,0,30,50,25,18.9,19,18.3,35,20,0,"""D""","""D""","""C""","""B""","""B""","""B""","""B""","""D""","""C"""
36150,2021,49071,8,0,0,0,27,1,5,0,"""ECBBAACD""","""XECBDCDAXXABXEBBEEXADEACZDD""","""BAEACDDA""","""00000000""","""DCBCDBDBADBBDECBBDAABBDBDEA""","""900010109901910100910000800""",555,555,555,333,555,555,333,333,555,555,333,20.5,0,0,0,0,0,0,0,0,0,27.3,28.6,20,50,10,0,"""C""","""D""","""C""","""B""","""C""","""C""","""C""","""C""","""B"""
36154,2021,64664,8,0,0,0,27,1,5,0,"""ECBBAACD""","""XECBDCDAXXABXEBBEEXADEACZDD""","""EBBACACB""","""10100110""","""AACABBBBEAABCBAAAAAAAABBBBB""","""901000009911900000910000800""",555,555,555,555,555,333,333,555,333,333,333,20.5,33.4,50,8.5,0,0,0,17,25,15,16.2,19,0,0,0,0,"""B""","""C""","""A""","""A""","""A""","""C""","""A""","""D""","""B"""
38676,2021,49071,8,0,0,0,27,1,5,0,"""ECBBAACD""","""XECBDCDAXXABXEBBEEXADEACZDD""","""BABDECDB""","""00100000""","""AEDACCCACECDCCBCBDDCCDBCDCC""","""910001019900901000900001800""",555,555,555,555,555,555,555,555,555,555,555,20.9,16.9,12.5,23.5,14,70,0,33,65,25,22.2,23.8,13.3,40,0,0,"""C""","""C""","""C""","""A""","""A""","""C""","""A""","""A""","""D"""
44519,2021,107360,8,0,0,0,27,1,5,0,"""ECBBAACD""","""XECBDCDAXXABXEBBEEXADEACZDD""","""CABBEAAE""","""00110100""","""DCDBCEDABCDECBAEABDECBBCDEA""","""900100119900900000900001800""",555,555,555,555,555,555,555,555,555,555,555,21.8,32.7,37.5,25.5,7,35,0,44,40,45,18.1,19,13.3,10,30,0,"""C""","""C""","""C""","""A""","""A""","""C""","""E""","""C""","""B"""
46828,2021,64664,8,0,0,0,27,1,5,0,"""ECBBAACD""","""XECBDCDAXXABXEBBEEXADEACZDD""","""BCBACBEC""","""01100000""","""BDCABDAEBDBDDABAACBADBAEACB""","""901000009900901000911010800""",555,555,555,555,555,555,555,555,555,555,555,22.1,25.2,25,25.5,26,70,15,25,25,25,21,23.8,5,15,0,0,"""C""","""C""","""C""","""A""","""A""","""B""","""D""","""D""","""B"""
55340,2021,64664,8,0,0,0,27,1,5,0,"""ECBBAACD""","""XECBDCDAXXABXEBBEEXADEACZDD""","""BABBCCDB""","""00110000""","""ECADDDEEDCACEBCDEABBEBAABCD""","""900010009910900010900010801""",555,555,555,555,555,555,555,555,555,555,333,23.2,23.6,25,21.5,13,65,0,30,50,25,23,23.8,18.3,55,0,0,"""D""","""C""","""D""","""C""","""B""","""C""","""B""","""B""","""C"""
74673,2021,49071,8,0,0,0,27,1,5,0,"""ECBBAACD""","""XECBDCDAXXABXEBBEEXADEACZDD""","""CCBACADC""","""01100100""","""EABDEBDCCABAAEBDEECCEABBACD""","""900000109900911011900000801""",555,555,555,555,555,555,335,555,555,333,333,25.6,29.3,37.5,17,0,50,0,34,50,30,24.3,28.6,0,0,0,0,"""C""","""D""","""B""","""B""","""B""","""C""","""B""","""B""","""C"""
75195,2021,107360,8,0,0,0,27,1,5,0,"""ECBBAACD""","""XECBDCDAXXABXEBBEEXADEACZDD""","""EEABACCC""","""10011010""","""CABABCDCEBBACABDCEBCDAABACA""","""900001109900901001901010800""",555,555,555,333,555,333,333,333,333,333,333,25.7,30,50,0,0,0,0,0,0,0,24.3,28.6,0,0,0,0,"""C""","""C""","""A""","""B""","""A""","""B""","""D""","""D""","""D"""
75203,2021,107360,8,0,0,0,27,1,5,0,"""ECBBAACD""","""XECBDCDAXXABXEBBEEXADEACZDD""","""CDEAABEA""","""00001000""","""BDDAECDCDBBDADBDEAAABAAEBCD""","""900001109900901010910010801""",555,555,555,555,555,555,555,555,555,555,333,25.7,17.7,12.5,25.5,8,40,0,43,15,50,28.3,33.3,0,0,0,0,"""C""","""C""","""C""","""B""","""C""","""D""","""B""","""D""","""D"""
82309,2021,107360,8,0,0,0,27,1,5,0,"""ECBBAACD""","""XECBDCDAXXABXEBBEEXADEACZDD""","""BAEAAAAA""","""00001100""","""DDEBDDDBCCDDDCBAEEBAEBEADEE""","""900110109900901011910000800""",555,555,555,555,555,555,555,555,555,555,555,26.5,19.4,25,11,5,25,0,17,25,15,28.8,33.3,3.3,10,0,0,"""C""","""C""","""C""","""B""","""B""","""B""","""E""","""D""","""C"""
84009,2021,107360,8,0,0,0,27,1,5,0,"""ECBBAACD""","""XECBDCDAXXABXEBBEEXADEACZDD""","""BADACAEC""","""00000100""","""DBCAEEDBDBAADDBEEEAAEAABEAB""","""901000109910901011910010800""",555,555,555,555,555,333,555,555,333,333,333,26.7,9.5,12.5,5,5,25,0,5,25,0,32.4,38.1,0,0,0,0,"""D""","""C""","""C""","""A""","""A""","""B""","""A""","""C""","""E"""
89052,2021,64664,8,0,0,0,27,1,5,0,"""ECBBAACD""","""XECBDCDAXXABXEBBEEXADEACZDD""","""EAEACDCE""","""10000010""","""EDCADCEEDDCABCBAECDDBDAABDB""","""901011009900901010900010810""",555,555,555,555,555,555,555,555,555,555,555,27.2,22.2,25,18,14,70,0,22,50,15,28.8,33.3,3.3,10,0,0,"""C""","""B""","""C""","""B""","""B""","""C""","""E""","""D""","""D"""
94096,2021,107360,8,0,0,0,27,1,5,0,"""ECBBAACD""","""XECBDCDAXXABXEBBEEXADEACZDD""","""EAEACACA""","""10000110""","""EDCAABDBECAACBBDAABABEB*CAA""","""901000109910901000910100800""",555,555,555,555,555,555,555,555,555,555,555,27.8,35.1,37.5,31.5,20,40,15,43,55,40,25.3,28.6,6.7,10,0,10,"""C""","""C""","""C""","""B""","""B""","""C""","""C""","""D""","""D"""
103091,2021,64664,8,0,0,0,27,1,5,0,"""ECBBAACD""","""XECBDCDAXXABXEBBEEXADEACZDD""","""EBDACACA""","""10000110""","""EEEBBDDBDBBDAECDDEDABBCAEEA""","""910100109900910001910000800""",555,555,555,555,555,555,555,555,555,555,333,28.7,33.5,37.5,27.5,25,65,15,30,50,25,27.1,28.6,18.3,55,0,0,"""C""","""C""","""A""","""B""","""B""","""A""","""A""","""C""","""B"""
107724,2021,64664,8,0,0,0,27,1,5,0,"""ECBBAACD""","""XECBDCDAXXABXEBBEEXADEACZDD""","""EABBABCD""","""10111011""","""DECDCABECBBEDDBBCADCECCABAD""","""911000009900901100900000801""",555,555,555,555,555,555,555,555,336,555,333,29.2,56.2,75,28,25,65,15,31,55,25,20.2,23.8,0,0,0,0,"""D""","""D""","""C""","""B""","""B""","""B""","""D""","""D""","""C"""
109233,2021,107360,8,0,0,0,27,1,5,0,"""ECBBAACD""","""XECBDCDAXXABXEBBEEXADEACZDD""","""CBBBCACC""","""00110110""","""EACADCDDDBAAECBDCABAEABBDEC""","""901011109910901000910000800""",555,555,555,555,555,555,555,555,555,555,333,29.4,32.8,50,7,7,35,0,7,35,0,28.3,33.3,0,0,0,0,"""C""","""C""","""C""","""C""","""C""","""C""","""B""","""C""","""C"""
112143,2021,107360,8,0,0,0,27,1,5,0,"""ECBBAACD""","""XECBDCDAXXABXEBBEEXADEACZDD""","""EABCAACB""","""10101110""","""EDDDDADBCCAEDDBDEDDDAADABDE""","""900010109910901010900000810""",555,555,555,555,555,555,555,555,555,333,333,29.7,42.9,62.5,13.5,8,40,0,19,35,15,25.3,28.6,6.7,20,0,0,"""A""","""C""","""C""","""A""","""B""","""B""","""E""","""D""","""C"""
123816,2021,64664,8,0,0,0,27,1,5,0,"""ECBBAACD""","""XECBDCDAXXABXEBBEEXADEACZDD""","""BAEBCACE""","""00010110""","""EDCADAEDDBBACDBBDAAABCABCBD""","""901010009900901100910010801""",555,555,555,555,555,555,555,555,555,555,555,30.9,35.7,37.5,33,13,65,0,53,25,60,29.3,33.3,6.7,20,0,0,"""C""","""C""","""B""","""D""","""D""","""B""","""E""","""D""","""D"""
129581,2021,64664,8,0,0,0,27,1,5,0,"""ECBBAACD""","""XECBDCDAXXABXEBBEEXADEACZDD""","""BEEACCCC""","""00000010""","""DECDEDDDABBAAEBBEADABAEACDB""","""911000109900911110910000810""",555,555,555,555,555,555,555,555,555,555,555,31.5,9.9,12.5,6,7,35,0,5,25,0,38.7,42.9,15,45,0,0,"""D""","""C""","""C""","""A""","""A""","""C""","""B""","""D""","""D"""
132157,2021,107360,8,0,0,0,27,1,5,0,"""ECBBAACD""","""XECBDCDAXXABXEBBEEXADEACZDD""","""BBBBACAD""","""00111001""","""EEDEBCDEDBCADABADEBBDBACACC""","""910001109900901001901011800""",555,555,555,333,555,333,333,333,333,333,333,31.8,30,50,0,0,0,0,0,0,0,32.4,38.1,0,0,0,0,"""D""","""C""","""A""","""A""","""B""","""A""","""A""","""B""","""B"""
133044,2021,107360,8,0,0,0,27,1,5,0,"""ECBBAACD""","""XECBDCDAXXABXEBBEEXADEACZDD""","""CCEAAACA""","""01001110""","""ADDBDED.ECBABDDACEBADBEDCDC""","""900110109900900001911000810""",555,555,555,555,555,555,555,555,333,555,333,31.9,42.6,50,31.5,34,50,30,29,25,30,28.3,33.3,0,0,0,0,"""C""","""C""","""C""","""B""","""B""","""C""","""E""","""D""","""D"""
134972,2021,107360,8,0,0,0,27,1,5,0,"""ECBBAACD""","""XECBDCDAXXABXEBBEEXADEACZDD""","""EBAACCCD""","""10000011""","""DAEADDDBEBBBEABCEEBBABDCCBB""","""900010109901901011900001800""",555,555,555,555,555,555,333,555,555,555,555,32.1,29.9,37.5,18.5,0,0,0,37,65,30,32.8,33.3,30,45,30,15,"""E""","""D""","""C""","""D""","""B""","""D""","""D""","""C""","""C"""
146544,2021,107360,8,0,0,0,27,1,5,0,"""ECBBAACD""","""XECBDCDAXXABXEBBEEXADEACZDD""","""EABACECC""","""10100010""","""BDDAECDBEBBCEBBEEDEACECBADB""","""900001109900901010910100810""",555,555,555,555,555,555,555,555,555,555,555,33.3,30.9,37.5,21,7,35,0,35,55,30,34.1,33.3,38.3,40,75,0,"""C""","""C""","""C""","""B""","""B""","""C""","""D""","""C""","""C"""
155019,2021,107360,8,0,0,0,27,1,5,0,"""ECBBAACD""","""XECBDCDAXXABXEBBEEXADEACZDD""","""CABBCACE""","""00110110""","""DDDADEDBDCABDDBEEEBABBBBECE""","""900010109911901011910000800""",555,555,555,555,555,555,555,555,555,555,555,34.2,36,50,15,8,40,0,22,50,15,33.6,38.1,8.3,25,0,0,"""C""","""C""","""C""","""D""","""C""","""D""","""D""","""D""","""C"""
157069,2021,107360,8,0,0,0,27,1,5,0,"""ECBBAACD""","""XECBDCDAXXABXEBBEEXADEACZDD""","""CABBCDAC""","""00110000""","""DEDBEEEBEDACBABAEEBADAADBCC""","""910100009910901011911010800""",555,555,555,555,555,555,555,555,555,555,333,34.4,26,25,27.5,8,40,0,47,55,45,37.2,42.9,5,15,0,0,"""A""","""C""","""C""","""A""","""B""","""B""","""B""","""D""","""A"""
163422,2021,107360,8,0,0,0,27,1,5,0,"""ECBBAACD""","""XECBDCDAXXABXEBBEEXADEACZDD""","""AAEADBCD""","""00000011""","""DEDBDCDACABEDBCABEABDCEBADC""","""910111119900900001901000810""",555,555,555,555,555,555,555,555,555,555,555,35.1,29.2,25,35.5,20,40,15,51,55,50,37,42.9,3.3,0,10,0,"""C""","""D""","""C""","""D""","""D""","""D""","""A""","""D""","""C"""
164692,2021,49071,8,0,0,0,27,1,5,0,"""ECBBAACD""","""XECBDCDAXXABXEBBEEXADEACZDD""","""EAEACACD""","""10000111""","""DEBAACDDCBACAEBDCEBAADCBBEE""","""910001109910911001910000800""",555,555,555,555,555,555,555,555,555,555,333,35.2,38.6,50,21.5,16,80,0,27,35,25,34.1,38.1,11.7,35,0,0,"""D""","""D""","""D""","""B""","""B""","""A""","""B""","""C""","""B"""
165637,2021,49071,8,0,0,0,27,1,5,0,"""ECBBAACD""","""XECBDCDAXXABXEBBEEXADEACZDD""","""BAEACADE""","""00000100""","""EDAADCDDABAAEEBDEEBADDBABCD""","""900011109910911011911000801""",555,555,555,333,555,333,333,333,333,333,333,35.3,7.5,12.5,0,0,0,0,0,0,0,44.5,52.4,0,0,0,0,"""D""","""C""","""B""","""B""","""C""","""C""","""E""","""D""","""D"""
168514,2021,64664,8,0,0,0,27,1,5,0,"""ECBBAACD""","""XECBDCDAXXABXEBBEEXADEACZDD""","""CABBAAAC""","""00111100""","""CBCAECCBCABDDEBCEADACDCBEED""","""901001009900911010910000801""",555,555,555,555,555,555,555,555,555,555,333,35.6,52.8,50,57,49,65,45,65,85,60,29.8,33.3,10,0,30,0,"""C""","""C""","""D""","""B""","""B""","""C""","""A""","""D""","""D"""
169985,2021,107360,8,0,0,0,27,1,5,0,"""ECBBAACD""","""XECBDCDAXXABXEBBEEXADEACZDD""","""EBBACBCC""","""10100010""","""AEDADCEBDDBBAECDEEBABBCBBDB""","""910011009901910011910000810""",555,555,555,555,555,555,555,555,555,555,333,35.8,30.5,37.5,20,23,55,15,17,25,15,37.5,42.9,6.7,20,0,0,"""C""","""C""","""A""","""A""","""A""","""B""","""C""","""D""","""E"""
170037,2021,107360,8,0,0,0,27,1,5,0,"""ECBBAACD""","""XECBDCDAXXABXEBBEEXADEACZDD""","""BECACAAA""","""00000100""","""DECBAADECCABCDBBDDDAAADEECA""","""911100109911901100910000800""",555,555,555,555,555,555,555,555,555,555,555,35.8,22.5,12.5,37.5,13,65,0,62,50,65,40.2,42.9,25,45,30,0,"""C""","""C""","""C""","""D""","""C""","""D""","""D""","""D""","""D"""
174086,2021,49071,8,0,0,0,27,1,5,0,"""ECBBAACD""","""XECBDCDAXXABXEBBEEXADEACZDD""","""EAEACEAE""","""10000000""","""DDCBECDBBEBBBDBBECBDDEBAAEE""","""901101109901901110901100800""",555,555,555,555,555,555,335,555,555,555,333,36.2,16.5,12.5,22.5,0,70,0,45,65,40,42.7,47.6,15,45,0,0,"""C""","""D""","""C""","""B""","""B""","""D""","""A""","""A""","""B"""
175818,2021,64664,8,0,0,0,27,1,5,0,"""ECBBAACD""","""XECBDCDAXXABXEBBEEXADEACZDD""","""CADACECA""","""00000010""","""DECABBDBEDAACEBDEEEABDACDAE""","""911000109910911011910011800""",555,555,555,555,555,333,555,333,333,333,333,36.4,11.9,12.5,11,22,50,15,0,0,0,44.5,52.4,0,0,0,0,"""C""","""C""","""E""","""B""","""B""","""C""","""A""","""D""","""E"""
180899,2021,107360,8,0,0,0,27,1,5,0,"""ECBBAACD""","""XECBDCDAXXABXEBBEEXADEACZDD""","""CAECAACD""","""00001111""","""DDDADCEBEBACEDBDECBADBCBCDA""","""900011009910901010911000810""",555,555,555,555,555,555,555,555,555,555,555,37,41.6,50,29,23,55,15,35,55,30,35.4,38.1,20,60,0,0,"""C""","""C""","""A""","""C""","""A""","""C""","""B""","""E""","""D"""
181913,2021,107360,8,0,0,0,27,1,5,0,"""ECBBAACD""","""XECBDCDAXXABXEBBEEXADEACZDD""","""BBBBEDCE""","""00110010""","""CBDADCDACBBDEABBEABBBEBABDA""","""900011119900901110900100810""",555,555,555,555,555,555,555,555,555,555,555,37.1,31.5,37.5,22.5,5,25,0,40,40,40,39,42.9,16.7,50,0,0,"""C""","""C""","""D""","""A""","""A""","""C""","""B""","""D""","""*"""
183695,2021,107360,8,0,0,0,27,1,5,0,"""ECBBAACD""","""XECBDCDAXXABXEBBEEXADEACZDD""","""CBBAAAAC""","""00101100""","""DECAECABCCABAEBDCAEABCABDDE""","""911001009911911000910010810""",555,555,555,333,555,555,333,333,555,333,333,37.3,22.5,37.5,0,0,0,0,0,0,0,42.2,47.6,11.7,35,0,0,"""C""","""C""","""C""","""C""","""C""","""C""","""E""","""D""","""C"""
185853,2021,64664,8,0,0,0,27,1,5,0,"""ECBBAACD""","""XECBDCDAXXABXEBBEEXADEACZDD""","""EBBACACB""","""10100110""","""DEDEBEDADBDBEDBAECDCCEEBBCD""","""910000119901901010900100801""",555,555,555,555,555,555,555,555,555,555,555,37.5,44.8,50,37,35,55,30,39,35,40,35.1,38.1,18.3,55,0,0,"""B""","""C""","""C""","""B""","""B""","""C""","""B""","""D""","""D"""
186424,2021,107360,8,0,0,0,27,1,5,0,"""ECBBAACD""","""XECBDCDAXXABXEBBEEXADEACZDD""","""CCBACAAC""","""01100100""","""AECDBDDBCEABBDBCBDABCDACEBB""","""911000109911901000900011800""",555,555,555,555,555,555,555,555,555,555,555,37.6,38.1,37.5,39,55,55,55,23,55,15,37.4,38.1,33.3,30,55,15,"""C""","""C""","""D""","""B""","""C""","""C""","""C""","""D""","""E"""
189060,2021,107360,8,0,0,0,27,1,5,0,"""ECBBAACD""","""XECBDCDAXXABXEBBEEXADEACZDD""","""BCBACBCE""","""01100010""","""DECAACDCDBCAEEBCCABADABBEDD""","""911001109900911000911000811""",555,555,555,555,555,555,555,333,555,333,333,37.9,25.1,37.5,6.5,13,65,0,0,0,0,42.2,47.6,11.7,35,0,0,"""C""","""D""","""C""","""B""","""B""","""C""","""D""","""C""","""E"""
190008,2021,107360,8,0,0,0,27,1,5,0,"""ECBBAACD""","""XECBDCDAXXABXEBBEEXADEACZDD""","""EABAAACD""","""10101111""","""DCCADCAADCCACCBCEEBCBDEEEDA""","""901011019900901011900000810""",555,555,555,555,555,555,555,555,555,555,555,38,51.6,75,16.5,20,40,15,13,65,0,33.4,38.1,6.7,20,0,0,"""C""","""C""","""B""","""A""","""A""","""B""","""E""","""E""","""B"""
190404,2021,64664,8,0,0,0,27,1,5,0,"""ECBBAACD""","""XECBDCDAXXABXEBBEEXADEACZDD""","""ECEACDCA""","""11000010""","""ADDBDDADCCABDCBDDEACDEAECAD""","""900110009911901001901110801""",555,555,555,333,555,555,333,333,555,555,336,38,22.5,37.5,0,0,0,0,0,0,0,43.2,47.6,18.3,55,0,0,"""C""","""D""","""A""","""A""","""A""","""C""","""E""","""D""","""C"""
193939,2021,64664,8,0,0,0,27,1,5,0,"""ECBBAACD""","""XECBDCDAXXABXEBBEEXADEACZDD""","""BADADBCE""","""00000010""","""DECABDDACCDBDEBAEEDAEBAEDCA""","""911000119901911011910010800""",555,555,555,555,555,555,555,333,555,555,555,38.4,12.5,12.5,12.5,25,65,15,0,0,0,47,52.4,16.7,50,0,0,"""C""","""C""","""C""","""B""","""B""","""C""","""D""","""C""","""C"""
194536,2021,107360,8,0,0,0,27,1,5,0,"""ECBBAACD""","""XECBDCDAXXABXEBBEEXADEACZDD""","""EABBAECC""","""10111010""","""DDEADCDDACAAEABCEEACCDBCCCB""","""900011109910901011900001800""",555,555,555,555,555,555,555,555,555,555,555,38.5,41.9,62.5,11,7,35,0,15,15,15,37.4,38.1,33.3,55,20,25,"""D""","""C""","""C""","""C""","""B""","""C""","""B""","""D""","""D"""
197078,2021,107360,8,0,0,0,27,1,5,0,"""ECBBAACD""","""XECBDCDAXXABXEBBEEXADEACZDD""","""EBAACACE""","""10000110""","""AEBBDADADEAEBECBEAECAACCDEA""","""910110119910910110900001800""",555,555,555,555,555,555,555,555,555,555,336,38.8,26.1,37.5,9,7,35,0,11,55,0,43,47.6,16.7,20,30,0,"""C""","""C""","""C""","""C""","""A""","""C""","""A""","""D""","""C"""
199844,2021,107360,8,0,0,0,27,1,5,0,"""ECBBAACD""","""XECBDCDAXXABXEBBEEXADEACZDD""","""ECEACBAA""","""11000000""","""EDDDDCDACCAEAEBEEDCACDABBEC""","""900011119910911010910010800""",555,555,555,555,555,555,555,555,555,555,333,39.1,21.4,25,16,7,35,0,25,65,15,45,47.6,30,70,20,0,"""D""","""D""","""D""","""E""","""E""","""C""","""D""","""C""","""D"""
201751,2021,64664,8,0,0,0,27,1,5,0,"""ECBBAACD""","""XECBDCDAXXABXEBBEEXADEACZDD""","""BAEAEAED""","""00000101""","""EDCABCDBEDADEEBAEECADBEBCDB""","""901001109910911011911000810""",555,555,555,555,555,555,555,555,333,555,333,39.3,23.8,25,22,10,50,0,34,50,30,44.5,52.4,0,0,0,0,"""C""","""C""","""C""","""B""","""B""","""C""","""D""","""E""","""D"""
205660,2021,107360,8,0,0,0,27,1,5,0,"""ECBBAACD""","""XECBDCDAXXABXEBBEEXADEACZDD""","""CABAAACD""","""00101111""","""DECAECDBEBBBEEBADDAADAECDCC""","""911001109901911000911001800""",555,555,555,333,555,333,333,333,333,333,333,39.8,37.5,62.5,0,0,0,0,0,0,0,40.5,47.6,0,0,0,0,"""D""","""D""","""C""","""B""","""B""","""B""","""B""","""C""","""C"""
205948,2021,64664,8,0,0,0,27,1,5,0,"""ECBBAACD""","""XECBDCDAXXABXEBBEEXADEACZDD""","""BABACCCE""","""00100010""","""DECBBDEADCABEEBDCAACDEEBECB""","""911100019911911000901100800""",555,555,555,555,555,555,555,555,555,333,555,39.8,25.2,25,25.5,14,70,0,37,25,40,44.7,47.6,28.3,85,0,0,"""B""","""B""","""B""","""D""","""B""","""A""","""C""","""D""","""D"""
209823,2021,107360,8,0,0,0,27,1,5,0,"""ECBBAACD""","""XECBDCDAXXABXEBBEEXADEACZDD""","""BCBAAACE""","""01101110""","""DDBADCEBECABADBAEECACBBDDCD""","""900011009911901011910000801""",555,555,555,555,555,555,555,555,555,555,555,40.3,47.3,62.5,24.5,11,55,0,38,70,30,38,42.9,10,30,0,0,"""C""","""C""","""C""","""D""","""B""","""B""","""D""","""D""","""C"""
210133,2021,64664,8,0,0,0,27,1,5,0,"""ECBBAACD""","""XECBDCDAXXABXEBBEEXADEACZDD""","""EABAAECB""","""10101010""","""DECADCDABCACEDBCCEDABCCEECC""","""911011119910901001910000800""",555,555,555,555,555,333,555,555,333,333,333,40.3,39.8,50,24.5,11,55,0,38,70,30,40.5,47.6,0,0,0,0,"""C""","""B""","""D""","""C""","""A""","""A""","""E""","""D""","""B"""
210960,2021,64664,8,0,0,0,27,1,5,0,"""ECBBAACD""","""XECBDCDAXXABXEBBEEXADEACZDD""","""EDEBAACD""","""10011111""","""DDDBBCDDCCACCEBBEDCCBCEAACD""","""900101109910911110900000801""",555,555,555,555,555,555,555,333,555,333,333,40.4,47.6,75,6.5,13,65,0,0,0,0,38,42.9,10,30,0,0,"""C""","""D""","""B""","""A""","""A""","""B""","""D""","""D""","""B"""
213402,2021,49071,8,0,0,0,27,1,5,0,"""ECBBAACD""","""XECBDCDAXXABXEBBEEXADEACZDD""","""EAEAAACD""","""10001111""","""CDDBECDBDCABAEBCCEEADCDBAAB""","""900101109911911001911000800""",555,555,555,333,555,555,333,333,555,555,333,40.7,37.5,62.5,0,0,0,0,0,0,0,41.7,47.6,8.3,25,0,0,"""C""","""C""","""C""","""B""","""B""","""C""","""A""","""D""","""C"""
214790,2021,107360,8,0,0,0,27,1,5,0,"""ECBBAACD""","""XECBDCDAXXABXEBBEEXADEACZDD""","""ABAACBCC""","""00000010""","""DAEABCDAEDAADDBBEECABACCCED""","""900001119910901111910001801""",555,555,555,555,555,555,555,555,555,555,555,40.9,15.7,12.5,20.5,7,35,0,34,50,30,49.3,52.4,31.7,55,40,0,"""C""","""C""","""C""","""D""","""D""","""D""","""B""","""E""","""C"""
214800,2021,107360,8,0,0,0,27,1,5,0,"""ECBBAACD""","""XECBDCDAXXABXEBBEEXADEACZDD""","""CEBBAECA""","""00111010""","""BECDECDCECBDEEBAEEACBBECADC""","""911001109900911011900001810""",555,555,555,555,555,555,555,555,555,555,555,40.9,42,50,30,23,55,15,37,65,30,40.5,47.6,0,0,0,0,"""B""","""C""","""B""","""A""","""B""","""A""","""B""","""C""","""D"""
216454,2021,107360,8,0,0,0,27,1,5,0,"""ECBBAACD""","""XECBDCDAXXABXEBBEEXADEACZDD""","""EABACACD""","""10100111""","""EEDADCEDDCAADEADEEDADAEEBEE""","""910011009910910011911000800""",555,555,555,555,555,555,555,555,555,555,555,41.1,51.9,62.5,36,7,35,0,65,65,65,37.5,42.9,6.7,0,20,0,"""D""","""D""","""C""","""D""","""B""","""C""","""E""","""D""","""C"""
217218,2021,107360,8,0,0,0,27,1,5,0,"""ECBBAACD""","""XECBDCDAXXABXEBBEEXADEACZDD""","""EABAAACB""","""10101110""","""DECADCDDDCABECBADEDAEABDAEB""","""911011109911901001910000800""",555,555,555,555,555,555,555,333,555,333,333,41.2,39.5,62.5,5,10,50,0,0,0,0,41.7,47.6,8.3,25,0,0,"""B""","""C""","""C""","""A""","""B""","""B""","""E""","""D""","""C"""
220953,2021,64664,8,0,0,0,27,1,5,0,"""ECBBAACD""","""XECBDCDAXXABXEBBEEXADEACZDD""","""ECBBCACA""","""11110110""","""DEDACADEABADAEBCEEDAEDAEBCE""","""910000109910911011910010800""",555,555,555,555,555,555,335,555,555,555,333,41.6,51,75,15,0,65,0,30,50,25,38.5,42.9,13.3,40,0,0,"""C""","""C""","""B""","""A""","""A""","""A""","""A""","""D""","""D"""
221475,2021,107360,8,0,0,0,27,1,5,0,"""ECBBAACD""","""XECBDCDAXXABXEBBEEXADEACZDD""","""ECBACACA""","""11100110""","""DDCADCDBBBBABABAEDBEDCECCCD""","""901011109900901010901001801""",555,555,555,555,555,555,555,555,555,333,555,41.7,48.3,62.5,27,7,35,0,47,55,45,39.5,42.9,20,45,0,15,"""C""","""C""","""C""","""B""","""A""","""C""","""B""","""D""","""C"""
221795,2021,64664,8,0,0,0,27,1,5,0,"""ECBBAACD""","""XECBDCDAXXABXEBBEEXADEACZDD""","""BBEAAACC""","""00001110""","""BDCABCDBCCABDDBCEECCDAACBCC""","""901001109911901011901011800""",555,555,555,555,555,555,333,555,555,335,555,41.7,25.9,37.5,8.5,0,0,0,17,25,15,47,52.4,16.7,50,0,0,"""B""","""D""","""C""","""C""","""B""","""C""","""A""","""D""","""D"""
223358,2021,64664,8,0,0,0,27,1,5,0,"""ECBBAACD""","""XECBDCDAXXABXEBBEEXADEACZDD""","""EBEBAAAA""","""10011100""","""DECAEDDADCAAADBEEEBAEBEEADB""","""911000119910901011910000810""",555,555,555,555,555,555,555,555,555,555,333,41.9,41.4,50,28.5,10,50,0,47,55,45,42,47.6,10,30,0,0,"""C""","""C""","""C""","""B""","""B""","""C""","""B""","""D""","""B"""
226487,2021,49071,8,0,0,0,27,1,5,0,"""ECBBAACD""","""XECBDCDAXXABXEBBEEXADEACZDD""","""ECBAAADC""","""11101100""","""EDDADDDACCABADBDEAEADDEABCD""","""900010119911901010911000801""",555,555,555,555,555,555,555,555,555,555,555,42.3,43.9,62.5,16,13,65,0,19,55,10,41.7,47.6,8.3,25,0,0,"""C""","""C""","""B""","""B""","""C""","""C""","""B""","""D""","""B"""
226957,2021,107360,8,0,0,0,27,1,5,0,"""ECBBAACD""","""XECBDCDAXXABXEBBEEXADEACZDD""","""EAEBADCD""","""10011011""","""DDAADCDADCBBCDBBEEBCDCEECCB""","""900011119901901111901000800""",555,555,555,333,555,555,333,333,555,333,555,42.4,37.5,62.5,0,0,0,0,0,0,0,44,47.6,23.3,55,0,15,"""C""","""D""","""A""","""A""","""A""","""A""","""B""","""E""","""B"""
228641,2021,107360,8,0,0,0,27,1,5,0,"""ECBBAACD""","""XECBDCDAXXABXEBBEEXADEACZDD""","""EBBAAACE""","""10101110""","""CECADCCECBABABBBCDBCDABBCAD""","""911011009911901100901000801""",555,555,555,555,555,333,555,555,333,333,333,42.6,48.9,62.5,28.5,20,40,15,37,65,30,40.5,47.6,0,0,0,0,"""E""","""C""","""A""","""D""","""B""","""C""","""B""","""D""","""E"""
228927,2021,64664,8,0,0,0,27,1,5,0,"""ECBBAACD""","""XECBDCDAXXABXEBBEEXADEACZDD""","""ECBBEACC""","""11110110""","""BCCADCDEEBACAEBDEDBDDCECACE""","""901011109910911010901001800""",555,555,555,555,555,333,333,555,333,333,333,42.6,48.8,75,9.5,0,0,0,19,35,15,40.5,47.6,0,0,0,0,"""C""","""C""","""C""","""B""","""B""","""B""","""D""","""C""","""B"""
229729,2021,64664,8,0,0,0,27,1,5,0,"""ECBBAACD""","""XECBDCDAXXABXEBBEEXADEACZDD""","""DBABACDB""","""00011000""","""ADCADCEDCEAACABBEEDABAAEBAD""","""901011009910901111910010801""",555,555,555,555,555,555,555,555,555,555,555,42.7,26.8,25,29.5,22,50,15,37,65,30,48,52.4,23.3,70,0,0,"""B""","""C""","""C""","""B""","""B""","""C""","""E""","""E""","""D"""
230593,2021,64664,8,0,0,0,27,1,5,0,"""ECBBAACD""","""XECBDCDAXXABXEBBEEXADEACZDD""","""ECBAAACD""","""11101111""","""CACDBEDCCCADEEBAEEDCBDCEBDD""","""901000109910911011900000811""",555,555,555,333,555,555,333,333,555,555,555,42.8,52.5,87.5,0,0,0,0,0,0,0,39.5,42.9,20,45,0,15,"""B""","""C""","""C""","""A""","""A""","""C""","""D""","""D""","""C"""
239122,2021,64664,8,0,0,0,27,1,5,0,"""ECBBAACD""","""XECBDCDAXXABXEBBEEXADEACZDD""","""CABBAACC""","""00111110""","""CEDCBCDACDABDDBAEEDDDACBBBD""","""910001119911901011901000801""",555,555,555,333,555,555,333,333,555,555,333,43.9,37.5,62.5,0,0,0,0,0,0,0,46,52.4,10,30,0,0,"""D""","""C""","""C""","""D""","""A""","""B""","""A""","""C""","""D"""
239950,2021,64664,8,0,0,0,27,1,5,0,"""ECBBAACD""","""XECBDCDAXXABXEBBEEXADEACZDD""","""EAEBCACB""","""10010110""","""BDDBACDEDBCDBEBAEEAAECAADBD""","""900101109900911011910010801""",555,555,555,555,555,555,555,555,555,555,333,44,39.4,50,23.5,25,65,15,22,70,10,45.5,47.6,33.3,70,30,0,"""C""","""C""","""B""","""B""","""C""","""B""","""D""","""D""","""B"""
239953,2021,64664,8,0,0,0,27,1,5,0,"""ECBBAACD""","""XECBDCDAXXABXEBBEEXADEACZDD""","""CCEAAACC""","""01001110""","""DEAADCDBDEBBCABCEDADCEABEDA""","""910011109901901010900110810""",555,555,555,555,555,555,555,555,555,333,555,44,45,50,37.5,42,50,40,33,65,25,43.7,47.6,21.7,55,0,10,"""C""","""C""","""C""","""B""","""B""","""C""","""A""","""D""","""D"""
241918,2021,107360,8,0,0,0,27,1,5,0,"""ECBBAACD""","""XECBDCDAXXABXEBBEEXADEACZDD""","""DBBAADCB""","""00101010""","""DEDBDCDCEEADEABCEEDAACECECB""","""910111109910901011910001800""",555,555,555,555,555,555,555,555,555,555,555,44.3,34.5,37.5,30,22,70,10,38,70,30,47.5,52.4,20,25,20,15,"""C""","""C""","""C""","""A""","""A""","""A""","""A""","""D""","""B"""
246662,2021,64664,8,0,0,0,27,1,5,0,"""ECBBAACD""","""XECBDCDAXXABXEBBEEXADEACZDD""","""EABACACC""","""10100110""","""DDDAECBAEDAADBBBEEBACBAAECD""","""900001019910901111910010801""",555,555,555,555,555,555,555,555,555,555,555,44.9,36.4,50,16,5,25,0,27,35,25,47.7,47.6,48.3,70,75,0,"""C""","""C""","""C""","""B""","""B""","""C""","""B""","""D""","""D"""
249603,2021,64664,8,0,0,0,27,1,5,0,"""ECBBAACD""","""XECBDCDAXXABXEBBEEXADEACZDD""","""ECBAAECE""","""11101010""","""CEDEDDBBECBADBBBCADADEACBAA""","""910010009900901100911111800""",555,555,555,555,555,555,555,555,555,555,555,45.3,58.3,62.5,52,45,65,40,59,55,60,41,42.9,30,70,10,10,"""C""","""D""","""C""","""B""","""B""","""B""","""B""","""D""","""D"""
251527,2021,107360,8,0,0,0,27,1,5,0,"""ECBBAACD""","""XECBDCDAXXABXEBBEEXADEACZDD""","""EEBACAAD""","""10100101""","""BCBADCCEBCAADDBBCECADCABBDD""","""900011009910901101911010811""",555,555,555,555,555,555,555,555,555,555,555,45.6,40.4,50,26,31,35,30,21,65,10,47.3,52.4,18.3,55,0,0,"""D""","""C""","""C""","""C""","""C""","""D""","""B""","""D""","""C"""
251793,2021,64664,8,0,0,0,27,1,5,0,"""ECBBAACD""","""XECBDCDAXXABXEBBEEXADEACZDD""","""EABBCACD""","""10110111""","""DACBACCBCBABDDBBEADBDAADBAA""","""901101009911901110901010800""",555,555,555,555,555,555,555,555,555,555,333,45.6,51.2,75,15.5,10,50,0,21,65,10,43.7,47.6,21.7,45,20,0,"""D""","""D""","""B""","""D""","""C""","""D""","""E""","""D""","""E"""
257463,2021,64664,8,0,0,0,27,1,5,0,"""ECBBAACD""","""XECBDCDAXXABXEBBEEXADEACZDD""","""BDBAEECA""","""00100010""","""CBEEDAAADCABCABBEDDADEECDBD""","""900010019911901110911101801""",555,555,555,555,555,555,555,555,555,555,555,46.4,26.6,25,29,25,65,15,33,65,25,53,57.1,30,70,20,0,"""C""","""C""","""A""","""B""","""B""","""B""","""B""","""D""","""D"""
261245,2021,107360,8,0,0,0,27,1,5,0,"""ECBBAACD""","""XECBDCDAXXABXEBBEEXADEACZDD""","""ECBBCACC""","""11110110""","""DDDBDCDDCEDBEEBAEABABAEBADD""","""900111109901911010910000811""",555,555,555,555,555,555,555,555,555,333,333,47,50.6,75,14,11,55,0,17,85,0,45.8,52.4,8.3,25,0,0,"""D""","""D""","""C""","""A""","""A""","""C""","""A""","""C""","""C"""
262615,2021,107360,8,0,0,0,27,1,5,0,"""ECBBAACD""","""XECBDCDAXXABXEBBEEXADEACZDD""","""CAEACACB""","""00000110""","""DDCBDCCADDAECDBBEEDADABBEAD""","""901111019910901111911000801""",555,555,555,555,555,555,555,555,555,555,555,47.2,19.4,25,11,8,40,0,14,70,0,56.4,61.9,25,55,20,0,"""B""","""D""","""A""","""A""","""C""","""C""","""B""","""D""","""D"""
263907,2021,107360,8,0,0,0,27,1,5,0,"""ECBBAACD""","""XECBDCDAXXABXEBBEEXADEACZDD""","""ECBBCECE""","""11110010""","""DEDABCDADEABEEBDCEDADEBBACE""","""910001119911911001911100800""",555,555,555,555,555,555,333,555,555,555,333,47.4,39.5,62.5,5,0,0,0,10,50,0,50,57.1,10,0,30,0,"""B""","""C""","""C""","""A""","""B""","""C""","""A""","""C""","""B"""
263916,2021,107360,8,0,0,0,27,1,5,0,"""ECBBAACD""","""XECBDCDAXXABXEBBEEXADEACZDD""","""CABBCACA""","""00110110""","""DDCBDDDCDCABDDBAEEBABAECEAD""","""901110109911901011910001801""",555,555,555,555,555,555,555,555,555,333,555,47.4,38.2,50,20.5,10,50,0,31,35,30,50.5,57.1,13.3,25,0,15,"""D""","""C""","""C""","""D""","""B""","""D""","""B""","""D""","""D"""
266764,2021,64664,8,0,0,0,27,1,5,0,"""ECBBAACD""","""XECBDCDAXXABXEBBEEXADEACZDD""","""BACBACCA""","""00011010""","""DDCABADACBABEEBEEEAABABCCDC""","""901000119911911011910001810""",555,555,555,555,555,555,555,555,555,333,333,47.8,37.1,37.5,36.5,34,50,30,39,35,40,51.3,57.1,18.3,55,0,0,"""C""","""D""","""C""","""B""","""B""","""C""","""A""","""D""","""D"""
269096,2021,107360,8,0,0,0,27,1,5,0,"""ECBBAACD""","""XECBDCDAXXABXEBBEEXADEACZDD""","""EBBBCAAD""","""10110101""","""EDCADCDBCCADAEBDEDAAECDCDDE""","""901011109910911010910001810""",555,555,555,555,555,555,555,555,555,333,333,48.2,59.1,62.5,54,34,50,30,74,50,80,44.5,52.4,0,0,0,0,"""B""","""C""","""C""","""A""","""B""","""C""","""D""","""D""","""D"""
271058,2021,107360,8,0,0,0,27,1,5,0,"""ECBBAACD""","""XECBDCDAXXABXEBBEEXADEACZDD""","""EABACACE""","""10100110""","""DEDAACCDAAABDCBCEECDDCCECDD""","""910001009911901011901000811""",555,555,555,555,555,555,555,555,555,555,555,48.5,47,50,42.5,27,35,25,58,50,60,49,47.6,56.7,70,85,15,"""C""","""C""","""C""","""E""","""E""","""D""","""E""","""C""","""D"""
271251,2021,64664,8,0,0,0,27,1,5,0,"""ECBBAACD""","""XECBDCDAXXABXEBBEEXADEACZDD""","""EABBADAD""","""10111001""","""DCCACBDBCCABDEBBEEABDAEDAED""","""901000109911911111901000801""",555,555,555,555,555,555,555,555,555,555,555,48.5,52.1,62.5,36.5,38,70,30,35,55,30,47.3,52.4,18.3,55,0,0,"""C""","""C""","""C""","""A""","""A""","""A""","""E""","""D""","""C"""
277268,2021,107360,8,0,0,0,27,1,5,0,"""ECBBAACD""","""XECBDCDAXXABXEBBEEXADEACZDD""","""BBBBBBBB""","""00110000""","""AECBDCAACCBBEDBBEEBDDDABDDE""","""911111019901901111901010810""",555,555,555,555,555,555,555,555,555,555,555,49.5,23.2,25,20.5,10,50,0,31,35,30,58.2,66.7,10,20,10,0,"""C""","""C""","""C""","""A""","""A""","""A""","""A""","""C""","""C"""
279051,2021,107360,8,0,0,0,27,1,5,0,"""ECBBAACD""","""XECBDCDAXXABXEBBEEXADEACZDD""","""ECDBCABE""","""11010100""","""DECBDCDADCBDDBCEEEDDDBACADB""","""911111119900900011901011810""",555,555,555,555,555,555,555,555,555,333,333,49.8,35.8,50,14.5,7,35,0,22,70,10,54.4,61.9,11.7,35,0,0,"""B""","""D""","""C""","""B""","""B""","""C""","""D""","""D""","""C"""
279287,2021,64664,8,0,0,0,27,1,5,0,"""ECBBAACD""","""XECBDCDAXXABXEBBEEXADEACZDD""","""BABBACAE""","""00111000""","""ADCDDEDACCABCEBAEABABEADCCD""","""901010119911911010910110801""",555,555,555,555,555,555,555,555,555,555,555,49.8,33.9,37.5,28.5,22,50,15,35,55,30,55.1,61.9,16.7,50,0,0,"""D""","""D""","""C""","""B""","""B""","""B""","""B""","""D""","""D"""
288032,2021,64664,8,0,0,0,27,1,5,0,"""ECBBAACD""","""XECBDCDAXXABXEBBEEXADEACZDD""","""EAABAACB""","""10011110""","""DDCADDDEDCACEEBBEEDADAEBCDA""","""901010109910911111911000810""",555,555,555,555,555,555,555,555,555,555,333,51.3,52.3,62.5,37,25,65,15,49,65,45,51,57.1,16.7,50,0,0,"""C""","""C""","""B""","""B""","""B""","""C""","""B""","""D""","""D"""
288599,2021,64664,8,0,0,0,27,1,5,0,"""ECBBAACD""","""XECBDCDAXXABXEBBEEXADEACZDD""","""EAEBAACE""","""10011110""","""EECADCEBCCABDEBCEEBAECECBAB""","""911011009911911011910001800""",555,555,555,555,555,555,555,555,555,555,555,51.4,48.7,62.5,28,22,50,15,34,70,25,52.3,57.1,25,55,20,0,"""C""","""C""","""C""","""A""","""A""","""B""","""D""","""D""","""C"""
298693,2021,64664,8,0,0,0,27,1,5,0,"""ECBBAACD""","""XECBDCDAXXABXEBBEEXADEACZDD""","""EBCBCACA""","""10010110""","""CECADCABDBAAEEBCEECABCACCDA""","""911011009910911011910011810""",555,555,555,555,555,555,555,555,555,333,555,53.3,47.8,50,44.5,46,50,45,43,55,40,55.1,61.9,16.7,50,0,0,"""A""","""A""","""A""","""A""","""B""","""D""","""D""","""D""","""C"""
299172,2021,64664,8,0,0,0,27,1,5,0,"""ECBBAACD""","""XECBDCDAXXABXEBBEEXADEACZDD""","""BABAAACE""","""00101110""","""AECCDEDECCABDDBCEEBADBADBDB""","""911010109911901011911010810""",555,555,555,555,555,555,555,555,555,555,333,53.4,47.4,50,43.5,25,65,15,62,70,60,55.4,61.9,18.3,55,0,0,"""C""","""C""","""C""","""B""","""B""","""B""","""C""","""D""","""D"""
303496,2021,64664,8,0,0,0,27,1,5,0,"""ECBBAACD""","""XECBDCDAXXABXEBBEEXADEACZDD""","""EDDBAACA""","""10011110""","""DBCBDCDDDCABAEBBEBCBBCACEAB""","""901111109911911110900011800""",555,555,555,555,555,555,333,555,555,555,333,54.3,44.3,62.5,17,0,0,0,34,50,30,57.6,61.9,33.3,70,30,0,"""C""","""D""","""C""","""A""","""B""","""C""","""A""","""D""","""D"""
305323,2021,64664,8,0,0,0,27,1,5,0,"""ECBBAACD""","""XECBDCDAXXABXEBBEEXADEACZDD""","""ECBBAACE""","""11111110""","""DECADCDADBBBDEBAEEAABDEBCBE""","""911011119901911011910000800""",555,555,555,555,555,555,555,555,555,555,333,54.7,64.7,87.5,30.5,26,70,15,35,55,30,51.3,57.1,18.3,55,0,0,"""C""","""C""","""B""","""A""","""A""","""B""","""B""","""D""","""D"""
307516,2021,64664,8,0,0,0,27,1,5,0,"""ECBBAACD""","""XECBDCDAXXABXEBBEEXADEACZDD""","""EACBCACA""","""10010110""","""DDCADDDACDABDCBBDABADEACCED""","""901010119911901100911111801""",555,555,555,555,555,555,335,555,555,555,555,55.2,35.8,50,14.5,0,65,0,29,25,30,61.7,66.7,33.3,55,30,15,"""C""","""C""","""B""","""A""","""A""","""B""","""D""","""D""","""B"""
317411,2021,107360,8,0,0,0,27,1,5,0,"""ECBBAACD""","""XECBDCDAXXABXEBBEEXADEACZDD""","""ECBAAACD""","""11101111""","""DECBDADAECAEBEBBCDAADEEBBCA""","""911110119910911100911100800""",555,555,555,555,555,555,555,555,555,555,555,57.6,62.1,87.5,24,37,65,30,11,55,0,56.1,61.9,23.3,55,0,15,"""C""","""C""","""A""","""C""","""C""","""C""","""C""","""D""","""D"""
320579,2021,64664,8,0,0,0,27,1,5,0,"""ECBBAACD""","""XECBDCDAXXABXEBBEEXADEACZDD""","""BBBAAACA""","""00101110""","""DECBDCDACCBECEBBEEBADCECAAC""","""911111119900911111911001800""",555,555,555,555,555,555,555,555,555,555,555,58.4,38.8,50,22,11,55,0,33,65,25,64.9,71.4,28.3,55,30,0,"""D""","""C""","""C""","""B""","""B""","""C""","""A""","""B""","""C"""
330308,2021,64664,8,0,0,0,27,1,5,0,"""ECBBAACD""","""XECBDCDAXXABXEBBEEXADEACZDD""","""CCBACADA""","""01100100""","""CECDDCDACBABEDBBCEDADACCADD""","""911011119911901101911001811""",555,555,555,555,555,555,333,555,555,555,555,61.3,31.3,37.5,22,0,0,0,44,40,45,71.3,76.2,43.3,55,75,0,"""C""","""C""","""C""","""B""","""B""","""B""","""B""","""D""","""D"""
335592,2021,49071,8,0,0,0,27,1,5,0,"""ECBBAACD""","""XECBDCDAXXABXEBBEEXADEACZDD""","""EABBAACD""","""10111111""","""DECBDCDACBBBDEBCEEBACDBCADB""","""911111119901911011910001810""",555,555,555,555,555,555,555,555,555,555,333,63.2,62.7,87.5,25.5,14,70,0,37,65,30,63.4,71.4,18.3,55,0,0,"""C""","""C""","""C""","""B""","""B""","""C""","""B""","""D""","""D"""
388105,2021,107360,8,0,0,0,27,1,5,0,"""ECBBAACD""","""XECBDCDAXXABXEBBEEXADEACZDD""",,,,,334,334,334,334,334,334,333,333,333,333,333,,,,,,,,,,,,,,,,,,,,,,,,,
388115,2021,107360,8,0,0,0,27,1,5,0,"""ECBBAACD""","""XECBDCDAXXABXEBBEEXADEACZDD""",,,,,334,334,334,334,334,334,333,333,333,333,333,,,,,,,,,,,,,,,,,,,,,,,,,
388117,2021,107360,8,0,0,0,27,1,5,0,"""ECBBAACD""","""XECBDCDAXXABXEBBEEXADEACZDD""",,,,,222,222,222,222,222,222,222,222,222,222,222,,,,,,,,,,,,,,,,,,,,,,,,,
389000,2021,107360,8,0,0,0,27,1,5,0,"""ECBBAACD""","""XECBDCDAXXABXEBBEEXADEACZDD""",,,,,334,334,334,334,334,334,333,333,333,333,333,,,,,,,,,,,,,,,,,,,,,,,,,
389293,2021,107360,8,0,0,0,27,1,5,0,"""ECBBAACD""","""XECBDCDAXXABXEBBEEXADEACZDD""",,,,,334,334,334,334,334,334,333,333,333,333,333,,,,,,,,,,,,,,,,,,,,,,,,,
397457,2021,107360,8,0,0,0,27,1,5,0,"""ECBBAACD""","""XECBDCDAXXABXEBBEEXADEACZDD""",,,,,222,222,222,222,222,222,222,222,222,222,222,,,,,,,,,,,,,,,,,,,,,,,,,
405185,2021,107360,8,0,0,0,27,1,5,0,"""ECBBAACD""","""XECBDCDAXXABXEBBEEXADEACZDD""",,,,,334,334,334,334,334,334,333,333,333,333,333,,,,,,,,,,,,,,,,,,,,,,,,,
448354,2021,49071,8,0,0,0,27,1,5,0,"""ECBBAACD""","""XECBDCDAXXABXEBBEEXADEACZDD""",,,,,222,222,222,222,222,222,222,222,222,222,222,,,,,,,,,,,,,,,,,,,,,,,,,
448356,2021,49071,8,0,0,0,27,1,5,0,"""ECBBAACD""","""XECBDCDAXXABXEBBEEXADEACZDD""",,,,,222,222,222,222,222,222,222,222,222,222,222,,,,,,,,,,,,,,,,,,,,,,,,,
448357,2021,49071,8,0,0,0,27,1,5,0,"""ECBBAACD""","""XECBDCDAXXABXEBBEEXADEACZDD""",,,,,222,222,222,222,222,222,222,222,222,222,222,,,,,,,,,,,,,,,,,,,,,,,,,
448372,2021,49071,8,0,0,0,27,1,5,0,"""ECBBAACD""","""XECBDCDAXXABXEBBEEXADEACZDD""",,,,,222,222,222,222,222,222,222,222,222,222,222,,,,,,,,,,,,,,,,,,,,,,,,,
448375,2021,49071,8,0,0,0,27,1,5,0,"""ECBBAACD""","""XECBDCDAXXABXEBBEEXADEACZDD""",,,,,222,222,222,222,222,222,222,222,222,222,222,,,,,,,,,,,,,,,,,,,,,,,,,
448387,2021,49071,8,0,0,0,27,1,5,0,"""ECBBAACD""","""XECBDCDAXXABXEBBEEXADEACZDD""",,,,,222,222,222,222,222,222,222,222,222,222,222,,,,,,,,,,,,,,,,,,,,,,,,,
448393,2021,49071,8,0,0,0,27,1,5,0,"""ECBBAACD""","""XECBDCDAXXABXEBBEEXADEACZDD""",,,,,222,222,222,222,222,222,222,222,222,222,222,,,,,,,,,,,,,,,,,,,,,,,,,
448498,2021,64664,8,0,0,0,27,1,5,0,"""ECBBAACD""","""XECBDCDAXXABXEBBEEXADEACZDD""",,,,,222,222,222,222,222,222,222,222,222,222,222,,,,,,,,,,,,,,,,,,,,,,,,,
448502,2021,64664,8,0,0,0,27,1,5,0,"""ECBBAACD""","""XECBDCDAXXABXEBBEEXADEACZDD""",,,,,222,222,222,222,222,222,222,222,222,222,222,,,,,,,,,,,,,,,,,,,,,,,,,
448519,2021,64664,8,0,0,0,27,1,5,0,"""ECBBAACD""","""XECBDCDAXXABXEBBEEXADEACZDD""",,,,,222,222,222,222,222,222,222,222,222,222,222,,,,,,,,,,,,,,,,,,,,,,,,,
448656,2021,64664,8,0,0,0,27,1,5,0,"""ECBBAACD""","""XECBDCDAXXABXEBBEEXADEACZDD""",,,,,222,222,222,222,222,222,222,222,222,222,222,,,,,,,,,,,,,,,,,,,,,,,,,
448668,2021,64664,8,0,0,0,27,1,5,0,"""ECBBAACD""","""XECBDCDAXXABXEBBEEXADEACZDD""",,,,,222,222,222,222,222,222,222,222,222,222,222,,,,,,,,,,,,,,,,,,,,,,,,,
448673,2021,64664,8,0,0,0,27,1,5,0,"""ECBBAACD""","""XECBDCDAXXABXEBBEEXADEACZDD""",,,,,222,222,222,222,222,222,222,222,222,222,222,,,,,,,,,,,,,,,,,,,,,,,,,
448682,2021,64664,8,0,0,0,27,1,5,0,"""ECBBAACD""","""XECBDCDAXXABXEBBEEXADEACZDD""",,,,,222,222,222,222,222,222,222,222,222,222,222,,,,,,,,,,,,,,,,,,,,,,,,,
448698,2021,64664,8,0,0,0,27,1,5,0,"""ECBBAACD""","""XECBDCDAXXABXEBBEEXADEACZDD""",,,,,222,222,222,222,222,222,222,222,222,222,222,,,,,,,,,,,,,,,,,,,,,,,,,
448722,2021,64664,8,0,0,0,27,1,5,0,"""ECBBAACD""","""XECBDCDAXXABXEBBEEXADEACZDD""",,,,,222,222,222,222,222,222,222,222,222,222,222,,,,,,,,,,,,,,,,,,,,,,,,,
448846,2021,64664,8,0,0,0,27,1,5,0,"""ECBBAACD""","""XECBDCDAXXABXEBBEEXADEACZDD""",,,,,222,222,222,222,222,222,222,222,222,222,222,,,,,,,,,,,,,,,,,,,,,,,,,
448853,2021,64664,8,0,0,0,27,1,5,0,"""ECBBAACD""","""XECBDCDAXXABXEBBEEXADEACZDD""",,,,,222,222,222,222,222,222,222,222,222,222,222,,,,,,,,,,,,,,,,,,,,,,,,,
